{"cameraMode":{"drawMode":0,"name":"Shaded","section":"Shading Mode"},"sceneLighting":true,"audioPlay":false,"sceneViewState":{"showFog":true,"showMaterialUpdate":false,"showSkybox":true,"showFlares":true,"showImageEffects":true,"showParticleSystems":true},"in2DMode":false,"pivot":{"x":99.1422119140625,"y":51.94462203979492,"z":32.372676849365237},"rotation":{"x":-0.048272065818309787,"y":0.9199284911155701,"z":-0.37043026089668276,"w":-0.11991193890571594},"size":84.18423461914063,"orthographic":false}