{"cameraMode":{"drawMode":0,"name":"Shaded","section":"Shading Mode"},"sceneLighting":false,"audioPlay":false,"sceneViewState":{"showFog":true,"showMaterialUpdate":false,"showSkybox":false,"showFlares":true,"showImageEffects":true,"showParticleSystems":true},"in2DMode":false,"pivot":{"x":0.11791489273309708,"y":0.5800118446350098,"z":0.7185446619987488},"rotation":{"x":-0.20943477749824525,"y":0.5931995511054993,"z":-0.16335119307041169,"w":-0.7600970268249512},"size":2.36602520942688,"orthographic":false}